First Name,Last Name,Email,Company,Latitude,Longitude
Emma,Johnson,emma.johnson@example.com,TechCorp,34.0522,-118.2437
Liam,Smith,liam.smith@example.com,Innovatech,40.7128,-74.006
Olivia,Brown,olivia.brown@example.com,GreenSolutions,41.8781,-87.6298
Noah,Davis,noah.davis@example.com,FutureWorks,29.7604,-95.3698
Ava,Wilson,ava.wilson@example.com,EcoWorld,33.4484,-112.074
William,Martinez,william.martinez@example.com,TechSolutions,39.7392,-104.9903
Sophia,Anderson,sophia.anderson@example.com,HealthPlus,32.7767,-96.797
James,Thomas,james.thomas@example.com,BuildIt,37.7749,-122.4194
Isabella,Jackson,isabella.jackson@example.com,DesignPro,47.6062,-122.3321
Benjamin,White,benjamin.white@example.com,FinTech,39.9526,-75.1652
Mia,Harris,mia.harris@example.com,EduCare,38.9072,-77.0369
Lucas,Clark,lucas.clark@example.com,AgroTech,42.3601,-71.0589
Amelia,Lewis,amelia.lewis@example.com,CleanEnergy,36.1627,-86.7816
Mason,Robinson,mason.robinson@example.com,UrbanPlan,25.7617,-80.1918
Harper,Walker,harper.walker@example.com,MediaWave,45.5051,-122.675
Ethan,Hall,ethan.hall@example.com,TechWave,39.7684,-86.1581
Evelyn,Allen,evelyn.allen@example.com,HealthFirst,35.2271,-80.8431
Alexander,Young,alexander.young@example.com,BuildSmart,39.9612,-82.9988
Abigail,King,abigail.king@example.com,InnovateNow,32.7157,-117.1611
Michael,Wright,michael.wright@example.com,TechVision,44.9778,-93.265
Ella,Scott,ella.scott@example.com,GreenTech,30.2672,-97.7431
Daniel,Green,daniel.green@example.com,FutureTech,36.1699,-115.1398
Scarlett,Adams,scarlett.adams@example.com,DesignHub,40.4406,-79.9959
Matthew,Baker,matthew.baker@example.com,HealthNet,33.749,-84.388
Grace,Gonzalez,grace.gonzalez@example.com,CleanTech,35.1495,-90.049
Henry,Nelson,henry.nelson@example.com,UrbanTech,39.1031,-84.512
Chloe,Carter,chloe.carter@example.com,MediaTech,43.0389,-87.9065
Jackson,Mitchell,jackson.mitchell@example.com,FinWave,29.9511,-90.0715
Victoria,Perez,victoria.perez@example.com,EduWave,37.3382,-121.8863
Sebastian,Roberts,sebastian.roberts@example.com,AgroWave,32.7765,-79.9311
Aria,Turner,aria.turner@example.com,DesignTech,39.7392,-104.9903
Aiden,Phillips,aiden.phillips@example.com,HealthWave,34.7465,-92.2896
Layla,Campbell,layla.campbell@example.com,CleanWave,39.7684,-86.1581
Elijah,Parker,elijah.parker@example.com,FutureWave,35.0844,-106.6504
Zoey,Evans,zoey.evans@example.com,BuildWave,36.1627,-86.7816
David,Edwards,david.edwards@example.com,TechNet,33.4484,-112.074
Lily,Collins,lily.collins@example.com,GreenWave,29.7604,-95.3698
Joseph,Stewart,joseph.stewart@example.com,InnovateWave,40.7128,-74.006
Nora,Sanchez,nora.sanchez@example.com,DesignNet,41.8781,-87.6298
Samuel,Morris,samuel.morris@example.com,HealthNet,32.7157,-117.1611
Zoey,Rogers,zoey.rogers@example.com,CleanNet,47.6062,-122.3321
Logan,Reed,logan.reed@example.com,FutureNet,39.9526,-75.1652
Hannah,Cook,hannah.cook@example.com,BuildNet,38.9072,-77.0369
Jacob,Morgan,jacob.morgan@example.com,TechHub,42.3601,-71.0589
Stella,Bell,stella.bell@example.com,GreenHub,36.1699,-115.1398
Ryan,Murphy,ryan.murphy@example.com,InnovateHub,37.7749,-122.4194
Leah,Bailey,leah.bailey@example.com,DesignWave,32.7767,-96.797
Dylan,Rivera,dylan.rivera@example.com,HealthHub,39.9612,-82.9988
Zoey,Cooper,zoey.cooper@example.com,CleanHub,35.2271,-80.8431
Caleb,Richardson,caleb.richardson@example.com,FutureHub,25.7617,-80.1918